name,description,external_url,background_color,image
Musk's Space Party #1,This is an access pass to the Musk's Space Party,https://github.com/ankurshashwat/Musks-Space-Party,#F8AA0E,Musk.png
Musk's Space Party #2,This is an access pass to the Musk's Space Party,https://github.com/ankurshashwat/Musks-Space-Party,#F8AA0E,Musk.png
Musk's Space Party #3,This is an access pass to the Musk's Space Party,https://github.com/ankurshashwat/Musks-Space-Party,#F8AA0E,Musk.png
Musk's Space Party #4,This is an access pass to the Musk's Space Party,https://github.com/ankurshashwat/Musks-Space-Party,#F8AA0E,Musk.png
Musk's Space Party #5,This is an access pass to the Musk's Space Party,https://github.com/ankurshashwat/Musks-Space-Party,#F8AA0E,Musk.png
Musk's Space Party #6,This is an access pass to the Musk's Space Party,https://github.com/ankurshashwat/Musks-Space-Party,#F8AA0E,Musk.png
Musk's Space Party #7,This is an access pass to the Musk's Space Party,https://github.com/ankurshashwat/Musks-Space-Party,#F8AA0E,Musk.png
Musk's Space Party #8,This is an access pass to the Musk's Space Party,https://github.com/ankurshashwat/Musks-Space-Party,#F8AA0E,Musk.png
Musk's Space Party #9,This is an access pass to the Musk's Space Party,https://github.com/ankurshashwat/Musks-Space-Party,#F8AA0E,Musk.png
Musk's Space Party #10,This is an access pass to the Musk's Space Party,https://github.com/ankurshashwat/Musks-Space-Party,#F8AA0E,Musk.png
Musk's Space Party #11,This is an access pass to the Musk's Space Party,https://github.com/ankurshashwat/Musks-Space-Party,#F8AA0E,Musk.png
Musk's Space Party #12,This is an access pass to the Musk's Space Party,https://github.com/ankurshashwat/Musks-Space-Party,#F8AA0E,Musk.png
Musk's Space Party #13,This is an access pass to the Musk's Space Party,https://github.com/ankurshashwat/Musks-Space-Party,#F8AA0E,Musk.png
Musk's Space Party #14,This is an access pass to the Musk's Space Party,https://github.com/ankurshashwat/Musks-Space-Party,#F8AA0E,Musk.png
Musk's Space Party #15,This is an access pass to the Musk's Space Party,https://github.com/ankurshashwat/Musks-Space-Party,#F8AA0E,Musk.png
Musk's Space Party #16,This is an access pass to the Musk's Space Party,https://github.com/ankurshashwat/Musks-Space-Party,#F8AA0E,Musk.png
Musk's Space Party #17,This is an access pass to the Musk's Space Party,https://github.com/ankurshashwat/Musks-Space-Party,#F8AA0E,Musk.png
Musk's Space Party #18,This is an access pass to the Musk's Space Party,https://github.com/ankurshashwat/Musks-Space-Party,#F8AA0E,Musk.png
Musk's Space Party #19,This is an access pass to the Musk's Space Party,https://github.com/ankurshashwat/Musks-Space-Party,#F8AA0E,Musk.png
Musk's Space Party #20,This is an access pass to the Musk's Space Party,https://github.com/ankurshashwat/Musks-Space-Party,#F8AA0E,Musk.png
Musk's Space Party #21,This is an access pass to the Musk's Space Party,https://github.com/ankurshashwat/Musks-Space-Party,#F8AA0E,Musk.png
Musk's Space Party #22,This is an access pass to the Musk's Space Party,https://github.com/ankurshashwat/Musks-Space-Party,#F8AA0E,Musk.png
Musk's Space Party #23,This is an access pass to the Musk's Space Party,https://github.com/ankurshashwat/Musks-Space-Party,#F8AA0E,Musk.png
Musk's Space Party #24,This is an access pass to the Musk's Space Party,https://github.com/ankurshashwat/Musks-Space-Party,#F8AA0E,Musk.png
Musk's Space Party #25,This is an access pass to the Musk's Space Party,https://github.com/ankurshashwat/Musks-Space-Party,#F8AA0E,Musk.png
Musk's Space Party #26,This is an access pass to the Musk's Space Party,https://github.com/ankurshashwat/Musks-Space-Party,#F8AA0E,Musk.png
Musk's Space Party #27,This is an access pass to the Musk's Space Party,https://github.com/ankurshashwat/Musks-Space-Party,#F8AA0E,Musk.png
Musk's Space Party #28,This is an access pass to the Musk's Space Party,https://github.com/ankurshashwat/Musks-Space-Party,#F8AA0E,Musk.png
Musk's Space Party #29,This is an access pass to the Musk's Space Party,https://github.com/ankurshashwat/Musks-Space-Party,#F8AA0E,Musk.png
Musk's Space Party #30,This is an access pass to the Musk's Space Party,https://github.com/ankurshashwat/Musks-Space-Party,#F8AA0E,Musk.png
Musk's Space Party #31,This is an access pass to the Musk's Space Party,https://github.com/ankurshashwat/Musks-Space-Party,#F8AA0E,Musk.png
Musk's Space Party #32,This is an access pass to the Musk's Space Party,https://github.com/ankurshashwat/Musks-Space-Party,#F8AA0E,Musk.png
Musk's Space Party #33,This is an access pass to the Musk's Space Party,https://github.com/ankurshashwat/Musks-Space-Party,#F8AA0E,Musk.png
Musk's Space Party #34,This is an access pass to the Musk's Space Party,https://github.com/ankurshashwat/Musks-Space-Party,#F8AA0E,Musk.png
Musk's Space Party #35,This is an access pass to the Musk's Space Party,https://github.com/ankurshashwat/Musks-Space-Party,#F8AA0E,Musk.png
Musk's Space Party #36,This is an access pass to the Musk's Space Party,https://github.com/ankurshashwat/Musks-Space-Party,#F8AA0E,Musk.png
Musk's Space Party #37,This is an access pass to the Musk's Space Party,https://github.com/ankurshashwat/Musks-Space-Party,#F8AA0E,Musk.png
Musk's Space Party #38,This is an access pass to the Musk's Space Party,https://github.com/ankurshashwat/Musks-Space-Party,#F8AA0E,Musk.png
Musk's Space Party #39,This is an access pass to the Musk's Space Party,https://github.com/ankurshashwat/Musks-Space-Party,#F8AA0E,Musk.png
Musk's Space Party #40,This is an access pass to the Musk's Space Party,https://github.com/ankurshashwat/Musks-Space-Party,#F8AA0E,Musk.png
Musk's Space Party #41,This is an access pass to the Musk's Space Party,https://github.com/ankurshashwat/Musks-Space-Party,#F8AA0E,Musk.png
Musk's Space Party #42,This is an access pass to the Musk's Space Party,https://github.com/ankurshashwat/Musks-Space-Party,#F8AA0E,Musk.png
Musk's Space Party #43,This is an access pass to the Musk's Space Party,https://github.com/ankurshashwat/Musks-Space-Party,#F8AA0E,Musk.png
Musk's Space Party #44,This is an access pass to the Musk's Space Party,https://github.com/ankurshashwat/Musks-Space-Party,#F8AA0E,Musk.png
Musk's Space Party #45,This is an access pass to the Musk's Space Party,https://github.com/ankurshashwat/Musks-Space-Party,#F8AA0E,Musk.png
Musk's Space Party #46,This is an access pass to the Musk's Space Party,https://github.com/ankurshashwat/Musks-Space-Party,#F8AA0E,Musk.png
Musk's Space Party #47,This is an access pass to the Musk's Space Party,https://github.com/ankurshashwat/Musks-Space-Party,#F8AA0E,Musk.png
Musk's Space Party #48,This is an access pass to the Musk's Space Party,https://github.com/ankurshashwat/Musks-Space-Party,#F8AA0E,Musk.png
Musk's Space Party #49,This is an access pass to the Musk's Space Party,https://github.com/ankurshashwat/Musks-Space-Party,#F8AA0E,Musk.png
Musk's Space Party #50,This is an access pass to the Musk's Space Party,https://github.com/ankurshashwat/Musks-Space-Party,#F8AA0E,Musk.png
Musk's Space Party #51,This is an access pass to the Musk's Space Party,https://github.com/ankurshashwat/Musks-Space-Party,#F8AA0E,Musk.png
Musk's Space Party #52,This is an access pass to the Musk's Space Party,https://github.com/ankurshashwat/Musks-Space-Party,#F8AA0E,Musk.png
Musk's Space Party #53,This is an access pass to the Musk's Space Party,https://github.com/ankurshashwat/Musks-Space-Party,#F8AA0E,Musk.png
Musk's Space Party #54,This is an access pass to the Musk's Space Party,https://github.com/ankurshashwat/Musks-Space-Party,#F8AA0E,Musk.png
Musk's Space Party #55,This is an access pass to the Musk's Space Party,https://github.com/ankurshashwat/Musks-Space-Party,#F8AA0E,Musk.png
Musk's Space Party #56,This is an access pass to the Musk's Space Party,https://github.com/ankurshashwat/Musks-Space-Party,#F8AA0E,Musk.png
Musk's Space Party #57,This is an access pass to the Musk's Space Party,https://github.com/ankurshashwat/Musks-Space-Party,#F8AA0E,Musk.png
Musk's Space Party #58,This is an access pass to the Musk's Space Party,https://github.com/ankurshashwat/Musks-Space-Party,#F8AA0E,Musk.png
Musk's Space Party #59,This is an access pass to the Musk's Space Party,https://github.com/ankurshashwat/Musks-Space-Party,#F8AA0E,Musk.png
Musk's Space Party #60,This is an access pass to the Musk's Space Party,https://github.com/ankurshashwat/Musks-Space-Party,#F8AA0E,Musk.png
Musk's Space Party #61,This is an access pass to the Musk's Space Party,https://github.com/ankurshashwat/Musks-Space-Party,#F8AA0E,Musk.png
Musk's Space Party #62,This is an access pass to the Musk's Space Party,https://github.com/ankurshashwat/Musks-Space-Party,#F8AA0E,Musk.png
Musk's Space Party #63,This is an access pass to the Musk's Space Party,https://github.com/ankurshashwat/Musks-Space-Party,#F8AA0E,Musk.png
Musk's Space Party #64,This is an access pass to the Musk's Space Party,https://github.com/ankurshashwat/Musks-Space-Party,#F8AA0E,Musk.png
Musk's Space Party #65,This is an access pass to the Musk's Space Party,https://github.com/ankurshashwat/Musks-Space-Party,#F8AA0E,Musk.png
Musk's Space Party #66,This is an access pass to the Musk's Space Party,https://github.com/ankurshashwat/Musks-Space-Party,#F8AA0E,Musk.png
Musk's Space Party #67,This is an access pass to the Musk's Space Party,https://github.com/ankurshashwat/Musks-Space-Party,#F8AA0E,Musk.png
Musk's Space Party #68,This is an access pass to the Musk's Space Party,https://github.com/ankurshashwat/Musks-Space-Party,#F8AA0E,Musk.png
Musk's Space Party #69,This is an access pass to the Musk's Space Party,https://github.com/ankurshashwat/Musks-Space-Party,#F8AA0E,Musk.png
Musk's Space Party #70,This is an access pass to the Musk's Space Party,https://github.com/ankurshashwat/Musks-Space-Party,#F8AA0E,Musk.png
Musk's Space Party #71,This is an access pass to the Musk's Space Party,https://github.com/ankurshashwat/Musks-Space-Party,#F8AA0E,Musk.png
Musk's Space Party #72,This is an access pass to the Musk's Space Party,https://github.com/ankurshashwat/Musks-Space-Party,#F8AA0E,Musk.png
Musk's Space Party #73,This is an access pass to the Musk's Space Party,https://github.com/ankurshashwat/Musks-Space-Party,#F8AA0E,Musk.png
Musk's Space Party #74,This is an access pass to the Musk's Space Party,https://github.com/ankurshashwat/Musks-Space-Party,#F8AA0E,Musk.png
Musk's Space Party #75,This is an access pass to the Musk's Space Party,https://github.com/ankurshashwat/Musks-Space-Party,#F8AA0E,Musk.png
Musk's Space Party #76,This is an access pass to the Musk's Space Party,https://github.com/ankurshashwat/Musks-Space-Party,#F8AA0E,Musk.png
Musk's Space Party #77,This is an access pass to the Musk's Space Party,https://github.com/ankurshashwat/Musks-Space-Party,#F8AA0E,Musk.png
Musk's Space Party #78,This is an access pass to the Musk's Space Party,https://github.com/ankurshashwat/Musks-Space-Party,#F8AA0E,Musk.png
Musk's Space Party #79,This is an access pass to the Musk's Space Party,https://github.com/ankurshashwat/Musks-Space-Party,#F8AA0E,Musk.png
Musk's Space Party #80,This is an access pass to the Musk's Space Party,https://github.com/ankurshashwat/Musks-Space-Party,#F8AA0E,Musk.png
Musk's Space Party #81,This is an access pass to the Musk's Space Party,https://github.com/ankurshashwat/Musks-Space-Party,#F8AA0E,Musk.png
Musk's Space Party #82,This is an access pass to the Musk's Space Party,https://github.com/ankurshashwat/Musks-Space-Party,#F8AA0E,Musk.png
Musk's Space Party #83,This is an access pass to the Musk's Space Party,https://github.com/ankurshashwat/Musks-Space-Party,#F8AA0E,Musk.png
Musk's Space Party #84,This is an access pass to the Musk's Space Party,https://github.com/ankurshashwat/Musks-Space-Party,#F8AA0E,Musk.png
Musk's Space Party #85,This is an access pass to the Musk's Space Party,https://github.com/ankurshashwat/Musks-Space-Party,#F8AA0E,Musk.png
Musk's Space Party #86,This is an access pass to the Musk's Space Party,https://github.com/ankurshashwat/Musks-Space-Party,#F8AA0E,Musk.png
Musk's Space Party #87,This is an access pass to the Musk's Space Party,https://github.com/ankurshashwat/Musks-Space-Party,#F8AA0E,Musk.png
Musk's Space Party #88,This is an access pass to the Musk's Space Party,https://github.com/ankurshashwat/Musks-Space-Party,#F8AA0E,Musk.png
Musk's Space Party #89,This is an access pass to the Musk's Space Party,https://github.com/ankurshashwat/Musks-Space-Party,#F8AA0E,Musk.png
Musk's Space Party #90,This is an access pass to the Musk's Space Party,https://github.com/ankurshashwat/Musks-Space-Party,#F8AA0E,Musk.png
Musk's Space Party #91,This is an access pass to the Musk's Space Party,https://github.com/ankurshashwat/Musks-Space-Party,#F8AA0E,Musk.png
Musk's Space Party #92,This is an access pass to the Musk's Space Party,https://github.com/ankurshashwat/Musks-Space-Party,#F8AA0E,Musk.png
Musk's Space Party #93,This is an access pass to the Musk's Space Party,https://github.com/ankurshashwat/Musks-Space-Party,#F8AA0E,Musk.png
Musk's Space Party #94,This is an access pass to the Musk's Space Party,https://github.com/ankurshashwat/Musks-Space-Party,#F8AA0E,Musk.png
Musk's Space Party #95,This is an access pass to the Musk's Space Party,https://github.com/ankurshashwat/Musks-Space-Party,#F8AA0E,Musk.png
Musk's Space Party #96,This is an access pass to the Musk's Space Party,https://github.com/ankurshashwat/Musks-Space-Party,#F8AA0E,Musk.png
Musk's Space Party #97,This is an access pass to the Musk's Space Party,https://github.com/ankurshashwat/Musks-Space-Party,#F8AA0E,Musk.png
Musk's Space Party #98,This is an access pass to the Musk's Space Party,https://github.com/ankurshashwat/Musks-Space-Party,#F8AA0E,Musk.png
Musk's Space Party #99,This is an access pass to the Musk's Space Party,https://github.com/ankurshashwat/Musks-Space-Party,#F8AA0E,Musk.png
Musk's Space Party #100,This is an access pass to the Musk's Space Party,https://github.com/ankurshashwat/Musks-Space-Party,#F8AA0E,Musk.png